source_type,name,account_or_url
X,Maru Campos - enlace oficial,https://linktr.ee/marucamposchih
YouTube,Maru Campos,https://www.youtube.com/@MaruCamposG
Medio digital,Portal del Gobierno del Estado de Chihuahua,https://chihuahua.gob.mx/
Medio digital,Sala de prensa Gobierno del Estado de Chihuahua,https://chihuahua.gob.mx/prensa
Medio digital,El Diario de Chihuahua,https://www.eldiariodechihuahua.mx/
Medio digital,El Diario de Juárez,https://diario.mx/
Medio digital,Omnia,https://www.omnia.com.mx/
Medio digital,La Opción de Chihuahua,https://laopcion.com.mx/
Medio digital,Norte Digital,https://nortedigital.mx/
Medio digital,Tiempo - La Noticia Digital,https://tiempo.com.mx/
Medio digital,Puente Libre,https://puentelibre.mx/
Medio digital,El Heraldo de Chihuahua,https://www.elheraldodechihuahua.com.mx/
