ID_ENTIDAD,ID_DISTRITO_LOCAL,PARTIDO_CI,CANDIDATURA_PROPIETARIA,CANDIDATURA_SUPLENTE,-,SIGLAS_PARTICIPANTE,NOMBRE_PARTICIPANTE
22,'001,MC,MANUEL GARRIDO PATRON,-,,PAN,PARTIDO ACCION NACIONAL
22,'001,PQS,INAKI BASAURI ALVARADO,-,,PRI,PARTIDO REVOLUCIONARIO INSTITUCIONAL
22,'001,C1,LAURA ANDREA TOVAR SAAVEDRA,-,,PRD,PARTIDO DE LA REVOLUCION DEMOCRATICA
22,'001,C5,DULCE IMELDA VENTURA RENDON,-,,MC,MOVIMIENTO CIUDADANO
22,'002,MC,ROSA MARIA MIRIAM LOA LEDEZMA,-,,PVEM,PARTIDO VERDE ECOLOGISTA DE MEXICO
22,'002,PQS,DAVID TORRES KELLY,-,,MORENA,MORENA
22,'002,C1,HOMERO BARRERA MCDONALD,-,,PT,PARTIDO DEL TRABAJO
22,'002,C5,ROSA MARTHA PACHECO ANGELES,-,,PQS,PARTIDO QUERETARO SEGURO
22,'003,MC,MARIA GUADALUPE IBARRA LUNA,-,,LDBG,LEONARDO DIEZ DE BONILLA GONZALEZ
22,'003,PQS,GUSTAVO ADOLFO BATALLA AVALOS,-,,SMG,SERGIO MARTINEZ GOMEZ
22,'003,C1,ARTURO MAXIMILIANO GARCIA PEREZ,-,,EMC,EFRAIN MUÑOZ COSME
22,'003,C5,ARTURO TORRES GUTIERREZ,-,,RHR,RUBEN HERNANDEZ ROBLES
22,'004,PRI,DANIELA SOFIA TRUJILLO OLMEDO,-,,JBLL,J. BELEM LEDESMA LEDESMA
22,'004,MC,JORGE LUNA SANTACRUZ,-,,MRGH,MARIA DEL ROSARIO GARCIA HUERTA
22,'004,PQS,BONIFACIO HURTADO ALEMAN,-,,ATV,ANDRES TREJO VALENCIA
22,'004,C1,CLAUDIA DIAZ GAYOU,-,,SSP,SAUL SANCHEZ PEREZ
22,'004,C7,ANA PAOLA LOPEZ BIRLAIN,-,,C1,PVEM-MORENA-PT
22,'005,PAN,JULIANA ROSARIO HERNANDEZ QUINTANAR,-,,C2,PVEM-MORENA
22,'005,PRI,MARIANA ORTIZ CABRERA,-,,C3,PVEM-PT
22,'005,PRD,DIEGO ARMANDO URIAS HERNANDEZ,-,,C4,MORENA-PT
22,'005,MC,ZUJEY GONZALEZ MENCHACA,-,,C5,PAN-PRI-PRD
22,'005,PQS,ALEJANDRA MONSERRAT GALVAN RANGEL,-,,C6,PAN-PRI
22,'005,C1,ALICIA COLCHADO ARIZA,-,,C7,PAN-PRD
22,'006,PRI,JULIETA ALEJANDRA ORNELAS GONZALEZ,-,,C8,PRI-PRD
22,'006,MC,MARIA JOSE CAZAREZ PEREZ,-,,,
22,'006,PQS,KARINA MAYORGA LECONA,-,,,
22,'006,C1,PATRICIA GONZALEZ MIRANDA,-,,,
22,'006,C7,MAURICIO CARDENAS PALACIOS,-,,,
22,'007,PRI,ALEJANDRA MENDOZA ROMERO,-,,,
22,'007,MC,TANIA AMERICA GALEANA SOBERANIS,-,,,
22,'007,PQS,JUAN CARLOS ELIZALDE CUEVAS,-,,,
22,'007,C1,ULISES GOMEZ DE LA ROSA,-,,,
22,'007,C7,ENRIQUE ANTONIO CORREA SADA,-,,,
22,'008,PAN,LUIS ANTONIO ZAPATA GUERRERO,-,,,
22,'008,PRI,JESSICA GENEVITH POZOS VAZQUEZ,-,,,
22,'008,PRD,KATHERINE SALDANA GARCIA,-,,,
22,'008,MC,FRANCISCO JAVIER DE LA TORRE DELGADO,-,,,
22,'008,PVEM,PAVEL CARRILLO RODRIGUEZ,-,,,
22,'008,PQS,ANDREA GUILLEN VALDELAMAR,-,,,
22,'008,C4,SOFIA PEREZ SUTTON,-,,,
22,'009,PRD,LETICIA GALLEGOS CHAPARRO,-,,,
22,'009,MC,LUIS FERNANDO MARTIN DEL CAMPO ALCOCER,-,,,
22,'009,PQS,JOSEFINA VILLA CASTILLO,-,,,
22,'009,C1,MARIA GEORGINA GUZMAN ALVAREZ,-,,,
22,'009,C6,JUAN AGUILAR HERRERA,-,,,
22,'010,MC,CARLOS MIER MONTES,-,,,
22,'010,PQS,DELFINA GONZALEZ ROQUE,-,,,
22,'010,C1,EDGAR INZUNZA BALLESTEROS,-,,,
22,'010,C5,ABEL ESPINOZA SUAREZ,-,,,
22,'011,MC,GLORIA ARMIDA SIQUEIROS HERNANDEZ,-,,,
22,'011,PVEM,TANIA GUADALUPE VENCES GARCIA,-,,,
22,'011,MORENA,ROSA MARIA RIOS GARCIA,-,,,
22,'011,PT,ERIKA DEL ROSARIO ROSALES MORENO,-,,,
22,'011,PQS,DANIELA CARLOS PARAMO,-,,,
22,'011,C5,GUILLERMO VEGA GUERRERO,-,,,
22,'012,PRI,DELVIM FABIOLA BARCENAS NIEVES,-,,,
22,'012,MC,ARTURO GONZALEZ DE COSIO BARRON,-,,,
22,'012,PVEM,RAUL ORIHUELA GONZALEZ,-,,,
22,'012,MORENA,SULLY YANIRA MAURICIO SIXTOS,-,,,
22,'012,PT,ADELAIDA MIREYA CHAVERO JIMENEZ,-,,,
22,'012,PQS,MARITZA GUADALUPE LOPEZ GARCIA,-,,,
22,'012,C7,MARTHA DANIELA SALGADO MARQUEZ,-,,,
22,'013,PRI,SEBASTIAN JIMENEZ VARGAS,-,,,
22,'013,MC,LOURDES ALEJANDRA DEL ANGEL MARTINEZ,-,,,
22,'013,PVEM,JORGE ARTURO GARCIA PINEDA,-,,,
22,'013,MORENA,ALMA ROSA PEREA PACHECO,-,,,
22,'013,PT,JAZMIN SANCHEZ BARCENAS,-,,,
22,'013,PQS,SALVADOR GUSTAVO BORTONI CHIPRUT,-,,,
22,'013,C7,ALEJANDRINA VERONICA GALICIA CASTANON,-,,,
22,'014,MC,MIGUEL ANGEL HERRERA GUERRERO,-,,,
22,'014,PVEM,NORMA ANGELICA RAMOS GUTIERREZ,-,,,
22,'014,MORENA,ERIC SILVA HERNANDEZ,-,,,
22,'014,PT,PAULINA AZCANIO CASTRO,-,,,
22,'014,PQS,GUSTAVO GARCIA MARTINEZ,-,,,
22,'014,C5,LETICIA RUBIO MONTES,-,,,
22,'015,MC,LETICIA PONCE SOLARES,-,,,
22,'015,PQS,MARICARMEN PEREZ VEGA,-,,,
22,'015,C1,MARIA BLANCA FLOR BENITEZ ESTRADA,-,,,
22,'015,C5,ALEJANDRA CARLOTA HERNANDEZ LEDESMA,-,,,
